filename,content
0000.png,QR_DATA_0000_3292
0001.png,QR_DATA_0001_8423
0002.png,QR_DATA_0002_7157
0003.png,QR_DATA_0003_5868
0004.png,QR_DATA_0004_7714
0005.png,QR_DATA_0005_2640
0006.png,QR_DATA_0006_8216
0007.png,QR_DATA_0007_1486
0008.png,QR_DATA_0008_7858
0009.png,QR_DATA_0009_4320
0010.png,QR_DATA_0010_9080
0011.png,QR_DATA_0011_7249
0012.png,QR_DATA_0012_7375
0013.png,QR_DATA_0013_6621
0014.png,QR_DATA_0014_9688
0015.png,QR_DATA_0015_4535
0016.png,QR_DATA_0016_6059
0017.png,QR_DATA_0017_8346
0018.png,QR_DATA_0018_3387
0019.png,QR_DATA_0019_8672
0020.png,QR_DATA_0020_3537
0021.png,QR_DATA_0021_3633
0022.png,QR_DATA_0022_4741
0023.png,QR_DATA_0023_6072
0024.png,QR_DATA_0024_7271
0025.png,QR_DATA_0025_6644
0026.png,QR_DATA_0026_2602
0027.png,QR_DATA_0027_1126
0028.png,QR_DATA_0028_6544
0029.png,QR_DATA_0029_3347
0030.png,QR_DATA_0030_7036
0031.png,QR_DATA_0031_6058
0032.png,QR_DATA_0032_2264
0033.png,QR_DATA_0033_1411
0034.png,QR_DATA_0034_3635
0035.png,QR_DATA_0035_1688
0036.png,QR_DATA_0036_2320
0037.png,QR_DATA_0037_4277
0038.png,QR_DATA_0038_7613
0039.png,QR_DATA_0039_3671
0040.png,QR_DATA_0040_5895
0041.png,QR_DATA_0041_9400
0042.png,QR_DATA_0042_9403
0043.png,QR_DATA_0043_4768
0044.png,QR_DATA_0044_9233
0045.png,QR_DATA_0045_6326
0046.png,QR_DATA_0046_3840
0047.png,QR_DATA_0047_6074
0048.png,QR_DATA_0048_5601
0049.png,QR_DATA_0049_3731
0050.png,QR_DATA_0050_3865
0051.png,QR_DATA_0051_4721
0052.png,QR_DATA_0052_3288
0053.png,QR_DATA_0053_3265
0054.png,QR_DATA_0054_9292
0055.png,QR_DATA_0055_1006
0056.png,QR_DATA_0056_1848
0057.png,QR_DATA_0057_5991
0058.png,QR_DATA_0058_2136
0059.png,QR_DATA_0059_8144
0060.png,QR_DATA_0060_3691
0061.png,QR_DATA_0061_2367
0062.png,QR_DATA_0062_5784
0063.png,QR_DATA_0063_6433
0064.png,QR_DATA_0064_7931
0065.png,QR_DATA_0065_6965
0066.png,QR_DATA_0066_2025
0067.png,QR_DATA_0067_6393
0068.png,QR_DATA_0068_8589
0069.png,QR_DATA_0069_9339
0070.png,QR_DATA_0070_9556
0071.png,QR_DATA_0071_7990
0072.png,QR_DATA_0072_4783
0073.png,QR_DATA_0073_1543
0074.png,QR_DATA_0074_2042
0075.png,QR_DATA_0075_4926
0076.png,QR_DATA_0076_8778
0077.png,QR_DATA_0077_6891
0078.png,QR_DATA_0078_5389
0079.png,QR_DATA_0079_8142
0080.png,QR_DATA_0080_4623
0081.png,QR_DATA_0081_4054
0082.png,QR_DATA_0082_4368
0083.png,QR_DATA_0083_5105
0084.png,QR_DATA_0084_9887
0085.png,QR_DATA_0085_4306
0086.png,QR_DATA_0086_4212
0087.png,QR_DATA_0087_3693
0088.png,QR_DATA_0088_8631
0089.png,QR_DATA_0089_7215
0090.png,QR_DATA_0090_3016
0091.png,QR_DATA_0091_5664
0092.png,QR_DATA_0092_7524
0093.png,QR_DATA_0093_5559
0094.png,QR_DATA_0094_8650
0095.png,QR_DATA_0095_2688
0096.png,QR_DATA_0096_2349
0097.png,QR_DATA_0097_7892
0098.png,QR_DATA_0098_5335
0099.png,QR_DATA_0099_1160
0100.png,QR_DATA_0100_7015
0101.png,QR_DATA_0101_4881
0102.png,QR_DATA_0102_7772
0103.png,QR_DATA_0103_6587
0104.png,QR_DATA_0104_8846
0105.png,QR_DATA_0105_4829
0106.png,QR_DATA_0106_2334
0107.png,QR_DATA_0107_8134
0108.png,QR_DATA_0108_7894
0109.png,QR_DATA_0109_9168
0110.png,QR_DATA_0110_7924
0111.png,QR_DATA_0111_2970
0112.png,QR_DATA_0112_1816
0113.png,QR_DATA_0113_1883
0114.png,QR_DATA_0114_5028
0115.png,QR_DATA_0115_9478
0116.png,QR_DATA_0116_8681
0117.png,QR_DATA_0117_9151
0118.png,QR_DATA_0118_9189
0119.png,QR_DATA_0119_2374
0120.png,QR_DATA_0120_3600
0121.png,QR_DATA_0121_8205
0122.png,QR_DATA_0122_5734
0123.png,QR_DATA_0123_7609
0124.png,QR_DATA_0124_7030
0125.png,QR_DATA_0125_3902
0126.png,QR_DATA_0126_2374
0127.png,QR_DATA_0127_1775
0128.png,QR_DATA_0128_5136
0129.png,QR_DATA_0129_3357
0130.png,QR_DATA_0130_5801
0131.png,QR_DATA_0131_9333
0132.png,QR_DATA_0132_4545
0133.png,QR_DATA_0133_3175
0134.png,QR_DATA_0134_3942
0135.png,QR_DATA_0135_9135
0136.png,QR_DATA_0136_7547
0137.png,QR_DATA_0137_1399
0138.png,QR_DATA_0138_2974
0139.png,QR_DATA_0139_4126
0140.png,QR_DATA_0140_3038
0141.png,QR_DATA_0141_8225
0142.png,QR_DATA_0142_1840
0143.png,QR_DATA_0143_3162
0144.png,QR_DATA_0144_4903
0145.png,QR_DATA_0145_8162
0146.png,QR_DATA_0146_4712
0147.png,QR_DATA_0147_4153
0148.png,QR_DATA_0148_2361
0149.png,QR_DATA_0149_6029
0150.png,QR_DATA_0150_2225
0151.png,QR_DATA_0151_9114
0152.png,QR_DATA_0152_5693
0153.png,QR_DATA_0153_2664
0154.png,QR_DATA_0154_9473
0155.png,QR_DATA_0155_5212
0156.png,QR_DATA_0156_5180
0157.png,QR_DATA_0157_5862
0158.png,QR_DATA_0158_5116
0159.png,QR_DATA_0159_9981
0160.png,QR_DATA_0160_3384
0161.png,QR_DATA_0161_7724
0162.png,QR_DATA_0162_7809
0163.png,QR_DATA_0163_7185
0164.png,QR_DATA_0164_6786
0165.png,QR_DATA_0165_4001
0166.png,QR_DATA_0166_3304
0167.png,QR_DATA_0167_9891
0168.png,QR_DATA_0168_5908
0169.png,QR_DATA_0169_3945
0170.png,QR_DATA_0170_5526
0171.png,QR_DATA_0171_9096
0172.png,QR_DATA_0172_6906
0173.png,QR_DATA_0173_5168
0174.png,QR_DATA_0174_9760
0175.png,QR_DATA_0175_9621
0176.png,QR_DATA_0176_9849
0177.png,QR_DATA_0177_6187
0178.png,QR_DATA_0178_2623
0179.png,QR_DATA_0179_3560
0180.png,QR_DATA_0180_2862
0181.png,QR_DATA_0181_3624
0182.png,QR_DATA_0182_9442
0183.png,QR_DATA_0183_8425
0184.png,QR_DATA_0184_4668
0185.png,QR_DATA_0185_1399
0186.png,QR_DATA_0186_4669
0187.png,QR_DATA_0187_5824
0188.png,QR_DATA_0188_1104
0189.png,QR_DATA_0189_1801
0190.png,QR_DATA_0190_5690
0191.png,QR_DATA_0191_9058
0192.png,QR_DATA_0192_4257
0193.png,QR_DATA_0193_2083
0194.png,QR_DATA_0194_9103
0195.png,QR_DATA_0195_3379
0196.png,QR_DATA_0196_9054
0197.png,QR_DATA_0197_8918
0198.png,QR_DATA_0198_1164
0199.png,QR_DATA_0199_9015
0200.png,QR_DATA_0200_7276
0201.png,QR_DATA_0201_9439
0202.png,QR_DATA_0202_3221
0203.png,QR_DATA_0203_7739
0204.png,QR_DATA_0204_4791
0205.png,QR_DATA_0205_2328
0206.png,QR_DATA_0206_1160
0207.png,QR_DATA_0207_7284
0208.png,QR_DATA_0208_2731
0209.png,QR_DATA_0209_6438
0210.png,QR_DATA_0210_8657
0211.png,QR_DATA_0211_8988
0212.png,QR_DATA_0212_2292
0213.png,QR_DATA_0213_4038
0214.png,QR_DATA_0214_7090
0215.png,QR_DATA_0215_5734
0216.png,QR_DATA_0216_2413
0217.png,QR_DATA_0217_6178
0218.png,QR_DATA_0218_6187
0219.png,QR_DATA_0219_1204
0220.png,QR_DATA_0220_1885
0221.png,QR_DATA_0221_2752
0222.png,QR_DATA_0222_8183
0223.png,QR_DATA_0223_3703
0224.png,QR_DATA_0224_7388
0225.png,QR_DATA_0225_4440
0226.png,QR_DATA_0226_9848
0227.png,QR_DATA_0227_1386
0228.png,QR_DATA_0228_3789
0229.png,QR_DATA_0229_3144
0230.png,QR_DATA_0230_1582
0231.png,QR_DATA_0231_1524
0232.png,QR_DATA_0232_2310
0233.png,QR_DATA_0233_2068
0234.png,QR_DATA_0234_9999
0235.png,QR_DATA_0235_2272
0236.png,QR_DATA_0236_1933
0237.png,QR_DATA_0237_6922
0238.png,QR_DATA_0238_8230
0239.png,QR_DATA_0239_4674
0240.png,QR_DATA_0240_4074
0241.png,QR_DATA_0241_9360
0242.png,QR_DATA_0242_9974
0243.png,QR_DATA_0243_1120
0244.png,QR_DATA_0244_6551
0245.png,QR_DATA_0245_4046
0246.png,QR_DATA_0246_2486
0247.png,QR_DATA_0247_1718
0248.png,QR_DATA_0248_3659
0249.png,QR_DATA_0249_3338
0250.png,QR_DATA_0250_6515
0251.png,QR_DATA_0251_3962
0252.png,QR_DATA_0252_6280
0253.png,QR_DATA_0253_2180
0254.png,QR_DATA_0254_7104
0255.png,QR_DATA_0255_3102
0256.png,QR_DATA_0256_2259
0257.png,QR_DATA_0257_3022
0258.png,QR_DATA_0258_3728
0259.png,QR_DATA_0259_2376
0260.png,QR_DATA_0260_6762
0261.png,QR_DATA_0261_8836
0262.png,QR_DATA_0262_6172
0263.png,QR_DATA_0263_3320
0264.png,QR_DATA_0264_9306
0265.png,QR_DATA_0265_6275
0266.png,QR_DATA_0266_7530
0267.png,QR_DATA_0267_4787
0268.png,QR_DATA_0268_5324
0269.png,QR_DATA_0269_2380
0270.png,QR_DATA_0270_5777
0271.png,QR_DATA_0271_8286
0272.png,QR_DATA_0272_3215
0273.png,QR_DATA_0273_2393
0274.png,QR_DATA_0274_7817
0275.png,QR_DATA_0275_7923
0276.png,QR_DATA_0276_3579
0277.png,QR_DATA_0277_5952
0278.png,QR_DATA_0278_4105
0279.png,QR_DATA_0279_1581
0280.png,QR_DATA_0280_6939
0281.png,QR_DATA_0281_6832
0282.png,QR_DATA_0282_1334
0283.png,QR_DATA_0283_3703
0284.png,QR_DATA_0284_8392
0285.png,QR_DATA_0285_5417
0286.png,QR_DATA_0286_3920
0287.png,QR_DATA_0287_2762
0288.png,QR_DATA_0288_1221
0289.png,QR_DATA_0289_6267
0290.png,QR_DATA_0290_1597
0291.png,QR_DATA_0291_5731
0292.png,QR_DATA_0292_1209
0293.png,QR_DATA_0293_2638
0294.png,QR_DATA_0294_2152
0295.png,QR_DATA_0295_5402
0296.png,QR_DATA_0296_3977
0297.png,QR_DATA_0297_2999
0298.png,QR_DATA_0298_3344
0299.png,QR_DATA_0299_9526
